eKE/eV,Raw,eKE/eV,Fit,eKE/eV,Retrieved
3.9926,2.16E-04,0.21,0.36446,0.01,0.15354
3.98279,4.33E-04,0.22,0.37223,0.02,0.15885
3.97301,0,0.23,0.38012,0.03,0.16428
3.96325,4.36E-04,0.24,0.39421,0.04,0.16985
3.95353,4.37E-04,0.25,0.42902,0.05,0.17554
3.94383,4.39E-04,0.26,0.41878,0.06,0.18137
3.93416,4.40E-04,0.27,0.45859,0.07,0.18732
3.92453,0,0.28,0.44764,0.08,0.19341
3.91492,2.21E-04,0.29,0.4815,0.09,0.19962
3.90534,6.66E-04,0.3,0.49207,0.1,0.20597
3.89579,4.45E-04,0.31,0.51,0.11,0.21244
3.88627,2.23E-04,0.32,0.51868,0.12,0.21904
3.87677,6.72E-04,0.33,0.52072,0.13,0.22578
3.86731,4.49E-04,0.34,0.53926,0.14,0.23264
3.85787,0,0.35,0.55975,0.15,0.23963
3.84846,6.78E-04,0.36,0.55845,0.16,0.24675
3.83908,9.07E-04,0.37,0.58432,0.17,0.25399
3.82973,6.82E-04,0.38,0.58674,0.18,0.26136
3.8204,6.84E-04,0.39,0.59924,0.19,0.26885
3.8111,9.15E-04,0.4,0.6079,0.2,0.27646
3.80184,9.18E-04,0.41,0.61823,0.21,0.28419
3.79259,6.90E-04,0.42,0.63261,0.22,0.29204
3.78338,4.62E-04,0.43,0.65983,0.23,0.3
3.77419,9.26E-04,0.44,0.66286,0.24,0.30808
3.76503,6.96E-04,0.45,0.67479,0.25,0.31627
3.7559,0,0.46,0.69252,0.26,0.32457
3.74679,4.67E-04,0.47,0.70743,0.27,0.33297
3.73771,4.68E-04,0.48,0.70444,0.28,0.34147
3.72866,4.70E-04,0.49,0.70902,0.29,0.35008
3.71963,2.36E-04,0.5,0.73604,0.3,0.35878
3.71063,4.73E-04,0.51,0.74008,0.31,0.36757
3.70166,0,0.52,0.75653,0.32,0.37645
3.69271,4.75E-04,0.53,0.74732,0.33,0.38541
3.68379,0,0.54,0.77037,0.34,0.39446
3.6749,2.39E-04,0.55,0.78947,0.35,0.40358
3.66603,2.40E-04,0.56,0.80475,0.36,0.41277
3.65719,9.62E-04,0.57,0.79866,0.37,0.42203
3.64837,2.41E-04,0.58,0.79729,0.38,0.43135
3.63958,2.42E-04,0.59,0.8094,0.39,0.44073
3.63081,9.70E-04,0.6,0.84138,0.4,0.45016
3.62207,4.87E-04,0.61,0.83025,0.41,0.45964
3.61336,0,0.62,0.82594,0.42,0.46916
3.60467,7.34E-04,0.63,0.83118,0.43,0.47872
3.59601,7.36E-04,0.64,0.85942,0.44,0.4883
3.58737,4.92E-04,0.65,0.85997,0.45,0.49791
3.57875,4.94E-04,0.66,0.86032,0.46,0.50754
3.57016,0,0.67,0.86812,0.47,0.51718
3.5616,0.00149,0.68,0.87857,0.48,0.52682
3.55306,4.98E-04,0.69,0.87594,0.49,0.53646
3.54455,7.49E-04,0.7,0.86385,0.5,0.5461
3.53606,7.51E-04,0.71,0.88355,0.51,0.55572
3.52759,0.001,0.72,0.88464,0.52,0.56532
3.51915,2.52E-04,0.73,0.88516,0.53,0.57489
3.51073,0.00152,0.74,0.90224,0.54,0.58443
3.50234,5.07E-04,0.75,0.9075,0.55,0.59392
3.49397,0.00152,0.76,0.92087,0.56,0.60337
3.48563,7.64E-04,0.77,0.90169,0.57,0.61276
3.47731,0.00102,0.78,0.90476,0.58,0.62208
3.46901,0.00103,0.79,0.91419,0.59,0.63133
3.46074,5.14E-04,0.8,0.9134,0.6,0.64051
3.45249,0.00129,0.81,0.90151,0.61,0.6496
3.44426,2.59E-04,0.82,0.92199,0.62,0.6586
3.43606,0.00104,0.83,0.91978,0.63,0.66749
3.42788,7.80E-04,0.84,0.92365,0.64,0.67628
3.41972,0,0.85,0.91675,0.65,0.68495
3.41159,2.61E-04,0.86,0.9093,0.66,0.6935
3.40348,5.24E-04,0.87,0.90698,0.67,0.70192
3.39539,2.63E-04,0.88,0.92061,0.68,0.71021
3.38733,0.00105,0.89,0.90957,0.69,0.71835
3.37929,2.64E-04,0.9,0.90662,0.7,0.72633
3.37127,2.65E-04,0.91,0.89711,0.71,0.73416
3.36328,2.66E-04,0.92,0.90487,0.72,0.74182
3.3553,8.00E-04,0.93,0.90841,0.73,0.74931
3.34735,2.67E-04,0.94,0.89823,0.74,0.75662
3.33942,0,0.95,0.90314,0.75,0.76374
3.33152,2.69E-04,0.96,0.91532,0.76,0.77067
3.32364,5.39E-04,0.97,0.89166,0.77,0.77741
3.31577,2.70E-04,0.98,0.89965,0.78,0.78393
3.30794,0,0.99,0.89819,0.79,0.79024
3.30012,2.72E-04,1,0.88195,0.8,0.79634
3.29232,5.46E-04,1.01,0.88352,0.81,0.80221
3.28455,2.74E-04,1.02,0.88522,0.82,0.80786
3.2768,2.74E-04,1.03,0.86922,0.83,0.81326
3.26907,2.75E-04,1.04,0.87314,0.84,0.81843
3.26136,5.52E-04,1.05,0.86855,0.85,0.82336
3.25367,2.77E-04,1.06,0.85332,0.86,0.82803
3.24601,8.32E-04,1.07,0.86231,0.87,0.83245
3.23836,0.00139,1.08,0.83291,0.88,0.83661
3.23074,2.79E-04,1.09,0.83448,0.89,0.84051
3.22314,0.0014,1.1,0.83038,0.9,0.84414
3.21556,0.00168,1.11,0.84032,0.91,0.84751
3.208,8.44E-04,1.12,0.82859,0.92,0.85059
3.20046,5.64E-04,1.13,0.81474,0.93,0.85341
3.19294,0.00141,1.14,0.813,0.94,0.85594
3.18545,8.51E-04,1.15,0.80752,0.95,0.85819
3.17797,0,1.16,0.79543,0.96,0.86016
3.17051,8.56E-04,1.17,0.78643,0.97,0.86184
3.16308,0.00143,1.18,0.76993,0.98,0.86323
3.15566,8.60E-04,1.19,0.76211,0.99,0.86433
3.14827,8.63E-04,1.2,0.76131,1,0.86515
3.1409,2.88E-04,1.21,0.75531,1.01,0.86567
3.13354,8.67E-04,1.22,0.74629,1.02,0.8659
3.12621,5.80E-04,1.23,0.7286,1.03,0.86583
3.1189,0.00116,1.24,0.72183,1.04,0.86548
3.1116,0.00117,1.25,0.7155,1.05,0.86483
3.10433,0,1.26,0.71237,1.06,0.8639
3.09708,8.79E-04,1.27,0.69219,1.07,0.86267
3.08984,5.88E-04,1.28,0.68756,1.08,0.86116
3.08263,0,1.29,0.68151,1.09,0.85935
3.07544,2.96E-04,1.3,0.67277,1.1,0.85727
3.06826,8.89E-04,1.31,0.66133,1.11,0.85489
3.06111,0.00208,1.32,0.64316,1.12,0.85224
3.05397,8.94E-04,1.33,0.64503,1.13,0.84931
3.04686,5.98E-04,1.34,0.62072,1.14,0.84611
3.03976,0,1.35,0.61268,1.15,0.84263
3.03268,3.00E-04,1.36,0.60124,1.16,0.83888
3.02562,3.01E-04,1.37,0.59875,1.17,0.83487
3.01858,0.00121,1.38,0.57956,1.18,0.8306
3.01156,3.03E-04,1.39,0.58073,1.19,0.82607
3.00456,0.00121,1.4,0.56857,1.2,0.82129
2.99758,3.05E-04,1.41,0.56002,1.21,0.81626
2.99062,0.00153,1.42,0.54406,1.22,0.81099
2.98367,9.19E-04,1.43,0.53411,1.23,0.80548
2.97675,9.21E-04,1.44,0.53634,1.24,0.79974
2.96984,0.00154,1.45,0.51619,1.25,0.79377
2.96295,9.26E-04,1.46,0.5067,1.26,0.78758
2.95608,0.00124,1.47,0.49536,1.27,0.78118
2.94923,0.00124,1.48,0.48919,1.28,0.77456
2.9424,6.22E-04,1.49,0.47642,1.29,0.76775
2.93558,0.00187,1.5,0.46579,1.3,0.76073
2.92879,0.00125,1.51,0.45052,1.31,0.75353
2.92201,6.27E-04,1.52,0.44602,1.32,0.74614
2.91525,0.00126,1.53,0.43212,1.33,0.73858
2.90851,9.46E-04,1.54,0.42136,1.34,0.73084
2.90178,0.00126,1.55,0.41326,1.35,0.72295
2.89508,3.17E-04,1.56,0.40338,1.36,0.7149
2.88839,0.00159,1.57,0.3878,1.37,0.70669
2.88172,0.00127,1.58,0.38095,1.38,0.69835
2.87506,0.00128,1.59,0.37538,1.39,0.68988
2.86843,0.00128,1.6,0.36097,1.4,0.68127
2.86181,0.00193,1.61,0.3574,1.41,0.67255
2.85521,9.66E-04,1.62,0.34384,1.42,0.66371
2.84863,0.00194,1.63,0.33528,1.43,0.65477
2.84206,0.0013,1.64,0.32467,1.44,0.64574
2.83552,0.00227,1.65,0.31822,1.45,0.63661
2.82898,0.00163,1.66,0.306,1.46,0.6274
2.82247,9.79E-04,1.67,0.30189,1.47,0.61812
2.81598,0.00131,1.68,0.29086,1.48,0.60876
2.8095,9.85E-04,1.69,0.27948,1.49,0.59935
2.80303,0.00165,1.7,0.27485,1.5,0.58988
2.79659,0.00198,1.71,0.26716,1.51,0.58037
2.79016,0.00165,1.72,0.25934,1.52,0.57082
2.78375,9.95E-04,1.73,0.24924,1.53,0.56123
2.77736,3.33E-04,1.74,0.24219,1.54,0.55162
2.77098,0.002,1.75,0.23802,1.55,0.54199
2.76462,0.00134,1.76,0.23052,1.56,0.53235
2.75827,0.00134,1.77,0.22459,1.57,0.52271
2.75195,0.00235,1.78,0.21221,1.58,0.51307
2.74564,0.00438,1.79,0.208,1.59,0.50343
2.73934,0.00338,1.8,0.2036,1.6,0.49381
2.73306,0.00169,1.81,0.19573,1.61,0.48421
2.7268,0.00136,1.82,0.18917,1.62,0.47464
2.72056,0.0017,1.83,0.1813,1.63,0.4651
2.71433,0.00273,1.84,0.17978,1.64,0.4556
2.70811,0.00205,1.85,0.17228,1.65,0.44614
2.70192,0.00412,1.86,0.16725,1.66,0.43673
2.69574,0.00172,1.87,0.16029,1.67,0.42737
2.68957,0.00207,1.88,0.15581,1.68,0.41808
2.68342,0.00207,1.89,0.15052,1.69,0.40885
2.67729,0.00347,1.9,0.1455,1.7,0.39968
2.67117,0.00348,1.91,0.13999,1.71,0.39059
2.66507,0.00314,1.92,0.13487,1.72,0.38158
2.65899,0.00419,1.93,0.12932,1.73,0.37265
2.65292,0.0028,1.94,0.12575,1.74,0.36381
2.64686,0.00351,1.95,0.12058,1.75,0.35506
2.64082,0.00282,1.96,0.11663,1.76,0.3464
2.6348,0.00424,1.97,0.11221,1.77,0.33784
2.62879,0.00319,1.98,0.1084,1.78,0.32938
2.6228,0.00497,1.99,0.10317,1.79,0.32102
2.61682,0.00462,2,0.09991,1.8,0.31277
2.61086,0.00428,2.01,0.0952,1.81,0.30463
2.60492,0.00429,2.02,0.09203,1.82,0.2966
2.59899,0.00574,2.03,0.08869,1.83,0.28868
2.59307,0.00539,2.04,0.08433,1.84,0.28088
2.58717,0.00504,2.05,0.08257,1.85,0.2732
2.58128,0.00614,2.06,0.07814,1.86,0.26564
2.57541,0.00435,2.07,0.07622,1.87,0.2582
2.56956,0.00581,2.08,0.07255,1.88,0.25089
2.56372,0.00473,2.09,0.0695,1.89,0.2437
2.55789,0.00657,2.1,0.06742,1.9,0.23664
2.55208,0.00585,2.11,0.06394,1.91,0.2297
2.54628,0.00954,2.12,0.06116,1.92,0.22289
2.5405,0.00478,2.13,0.05857,1.93,0.21621
2.53473,0.00627,2.14,0.05656,1.94,0.20967
2.52898,0.00739,2.15,0.05411,1.95,0.20325
2.52324,0.00667,2.16,0.05145,1.96,0.19696
2.51752,0.00929,2.17,0.04947,1.97,0.1908
2.51181,0.00968,2.18,0.04718,1.98,0.18477
2.50612,0.00859,2.19,0.04522,1.99,0.17887
2.50044,0.00711,2.2,0.04347,2,0.1731
2.49477,0.00826,2.21,0.04157,2.01,0.16746
2.48912,0.01091,2.22,0.03976,2.02,0.16195
2.48348,0.0083,2.23,0.03817,2.03,0.15657
2.47786,0.01021,2.24,0.0365,2.04,0.15132
2.47225,0.00986,2.25,0.0344,2.05,0.14619
2.46666,0.00874,2.26,0.03301,2.06,0.14119
2.46108,0.01181,2.27,0.03136,2.07,0.13631
2.45551,0.01031,2.28,0.02992,2.08,0.13156
2.44996,0.00995,2.29,0.02882,2.09,0.12693
2.44442,0.01228,2.3,0.02688,2.1,0.12242
2.43889,0.01154,2.31,0.02596,2.11,0.11804
2.43338,0.01427,2.32,0.02481,2.12,0.11377
2.42788,0.01121,2.33,0.0235,2.13,0.10962
2.4224,0.01124,2.34,0.02252,2.14,0.10558
2.41693,0.01283,2.35,0.02145,2.15,0.10166
2.41147,0.01208,2.36,0.02065,2.16,0.09785
2.40603,0.01172,2.37,0.01948,2.17,0.09416
2.4006,0.01214,2.38,0.01827,2.18,0.09057
2.39518,0.01688,2.39,0.01753,2.19,0.08709
2.38978,0.01574,2.4,0.01688,2.2,0.08371
2.38439,0.0142,2.41,0.01582,2.21,0.08044
2.37902,0.01701,2.42,0.01486,2.22,0.07727
2.37365,0.01586,2.43,0.01438,2.23,0.0742
2.3683,0.01431,2.44,0.01362,2.24,0.07123
2.36297,0.01992,2.45,0.0129,2.25,0.06835
2.35765,0.01717,2.46,0.01242,2.26,0.06557
2.35234,0.01762,2.47,0.01167,2.27,0.06288
2.34704,0.02448,2.48,0.01096,2.28,0.06028
2.34176,0.02052,2.49,0.01047,2.29,0.05777
2.33648,0.02138,2.5,0.00996,2.3,0.05534
2.33123,0.02143,2.51,0.00941,2.31,0.053
2.32598,0.01946,2.52,0.00883,2.32,0.05074
2.32075,0.02235,2.53,0.00845,2.33,0.04856
2.31553,0.02363,2.54,0.00797,2.34,0.04646
2.31032,0.02205,2.55,0.00763,2.35,0.04443
2.30513,0.02538,2.56,0.00708,2.36,0.04248
2.29995,0.0279,2.57,0.00668,2.37,0.0406
2.29478,0.03003,2.58,0.00639,2.38,0.03879
2.28963,0.03134,2.59,0.00609,2.39,0.03705
2.28448,0.02604,2.6,0.00567,2.4,0.03538
2.27935,0.02445,2.61,0.00533,2.41,0.03376
2.27424,0.03074,2.62,0.0051,2.42,0.03222
2.26913,0.03206,2.63,0.00479,2.43,0.03073
2.26404,0.03047,2.64,0.00449,2.44,0.0293
2.25896,0.03096,2.65,0.00423,2.45,0.02793
2.25389,0.03104,2.66,0.00403,2.46,0.02661
2.24883,0.03532,2.67,0.00383,2.47,0.02535
2.24379,0.03667,2.68,0.00357,2.48,0.02414
2.23876,0.03591,2.69,0.00338,2.49,0.02297
2.23374,0.04278,2.7,0.00318,2.5,0.02186
2.22873,0.03779,2.71,0.00301,2.51,0.0208
2.22373,0.03575,2.72,0.0028,2.52,0.01978
2.21875,0.04266,2.73,0.00263,2.53,0.0188
2.21378,0.04576,2.74,0.0025,2.54,0.01786
2.20882,0.03901,2.75,0.00236,2.55,0.01697
2.20387,0.0404,2.76,0.00223,2.56,0.01612
2.19894,0.04523,2.77,0.00208,2.57,0.0153
2.19402,0.04448,2.78,0.00194,2.58,0.01452
2.1891,0.04588,2.79,0.00182,2.59,0.01377
2.1842,0.05033,2.8,0.0017,2.6,0.01306
2.17932,0.05045,2.81,0.0016,2.61,0.01238
2.17444,0.05319,2.82,0.0015,2.62,0.01174
2.16958,0.04764,2.83,0.00142,2.63,0.01112
2.16472,0.05432,2.84,0.00134,2.64,0.01053
2.15988,0.0527,2.85,0.00125,2.65,0.00997
2.15505,0.05414,2.86,0.00117,2.66,0.00944
2.15023,0.04986,2.87,0.0011,2.67,0.00893
2.14543,0.05263,2.88,0.00102,2.68,0.00844
2.14063,0.05497,2.89,9.66E-04,2.69,0.00798
2.13585,0.06399,2.9,8.94E-04,2.7,0.00755
2.13108,0.06726,2.91,8.34E-04,2.71,0.00713
2.12631,0.05403,2.92,7.88E-04,2.72,0.00673
2.12156,0.06982,2.93,7.37E-04,2.73,0.00636
2.11683,0.07762,2.94,6.88E-04,2.74,0.006
2.1121,0.07375,2.95,6.45E-04,2.75,0.00566
2.10738,0.06311,2.96,5.94E-04,2.76,0.00534
2.10268,0.06597,2.97,5.58E-04,2.77,0.00504
2.09798,0.06794,2.98,5.22E-04,2.78,0.00475
2.0933,0.06765,2.99,4.85E-04,2.79,0.00447
2.08863,0.07418,3,4.53E-04,2.8,0.00421
2.08397,0.07663,3.01,4.21E-04,2.81,0.00397
2.07932,0.07544,3.02,3.93E-04,2.82,0.00374
2.07468,0.07745,3.03,3.66E-04,2.83,0.00352
2.07005,0.08269,3.04,3.44E-04,2.84,0.00331
2.06544,0.08012,3.05,3.20E-04,2.85,0.00311
2.06083,0.07293,3.06,2.96E-04,2.86,0.00292
2.05624,0.08004,3.07,2.78E-04,2.87,0.00275
2.05165,0.08857,3.08,2.56E-04,2.88,0.00258
2.04708,0.09064,3.09,2.44E-04,2.89,0.00242
2.04252,0.09412,3.1,2.22E-04,2.9,0.00228
2.03796,0.07612,3.11,2.06E-04,2.91,0.00214
2.03342,0.08894,3.12,1.93E-04,2.92,0.002
2.02889,0.0915,3.13,1.77E-04,2.93,0.00188
2.02437,0.10676,3.14,1.65E-04,2.94,0.00176
2.01986,0.08532,3.15,1.54E-04,2.95,0.00165
2.01536,0.09923,3.16,1.42E-04,2.96,0.00155
2.01087,0.10893,3.17,1.31E-04,2.97,0.00145
2.0064,0.09115,3.18,1.22E-04,2.98,0.00136
2.00193,0.10325,3.19,1.12E-04,2.99,0.00127
1.99747,0.11017,3.2,1.03E-04,3,0.00119
1.99302,0.11425,3.21,9.61E-05,3.01,0.00111
1.98859,0.10781,3.22,8.79E-05,3.02,0.00104
1.98416,0.13063,3.23,8.23E-05,3.03,9.71E-04
1.97974,0.11313,3.24,7.58E-05,3.04,9.08E-04
1.97534,0.10808,3.25,7.05E-05,3.05,8.48E-04
1.97094,0.11075,3.26,6.49E-05,3.06,7.92E-04
1.96656,0.12458,3.27,5.98E-05,3.07,7.39E-04
1.96218,0.12293,3.28,5.50E-05,3.08,6.90E-04
1.95782,0.12126,3.29,5.17E-05,3.09,6.43E-04
1.95346,0.12984,3.3,4.70E-05,3.1,6.00E-04
1.94912,0.1184,3.31,4.36E-05,3.11,5.59E-04
1.94478,0.13535,3.32,4.00E-05,3.12,5.21E-04
1.94046,0.1273,3.33,3.70E-05,3.13,4.85E-04
1.93614,0.13794,3.34,3.38E-05,3.14,4.52E-04
1.93184,0.13382,3.35,3.15E-05,3.15,4.21E-04
1.92754,0.13957,3.36,2.90E-05,3.16,3.92E-04
1.92326,0.12997,3.37,2.66E-05,3.17,3.64E-04
1.91898,0.14419,3.38,2.44E-05,3.18,3.39E-04
1.91471,0.15947,3.39,2.27E-05,3.19,3.15E-04
1.91046,0.14935,3.4,2.06E-05,3.2,2.93E-04
1.90621,0.1582,3.41,1.88E-05,3.21,2.72E-04
1.90198,0.15003,3.42,1.76E-05,3.22,2.53E-04
1.89775,0.1544,3.43,1.60E-05,3.23,2.35E-04
1.89353,0.16181,3.44,1.46E-05,3.24,2.18E-04
1.88932,0.15005,3.45,1.34E-05,3.25,2.02E-04
1.88513,0.16711,3.46,1.23E-05,3.26,1.87E-04
1.88094,0.1614,3.47,1.13E-05,3.27,1.74E-04
1.87676,0.16635,3.48,1.05E-05,3.28,1.61E-04
1.87259,0.16469,3.49,9.57E-06,3.29,1.49E-04
1.86843,0.17784,3.5,8.74E-06,3.3,1.38E-04
1.86428,0.17261,3.51,7.95E-06,3.31,1.28E-04
1.86014,0.20688,3.52,7.32E-06,3.32,1.18E-04
1.85601,0.16876,3.53,6.73E-06,3.33,1.10E-04
1.85188,0.1645,3.54,6.11E-06,3.34,1.01E-04
1.84777,0.17315,3.55,5.61E-06,3.35,9.37E-05
1.84367,0.19012,3.56,5.14E-06,3.36,8.66E-05
1.83957,0.17341,3.57,4.65E-06,3.37,8.00E-05
1.83549,0.19462,3.58,4.30E-06,3.38,7.39E-05
1.83141,0.19141,3.59,3.87E-06,3.39,6.83E-05
1.82734,0.20387,3.6,3.59E-06,3.4,6.30E-05
1.82329,0.19699,3.61,3.27E-06,3.41,5.82E-05
1.81924,0.20846,3.62,3.01E-06,3.42,5.37E-05
1.8152,0.2063,3.63,2.75E-06,3.43,4.95E-05
1.81117,0.19358,3.64,2.47E-06,3.44,4.56E-05
1.80715,0.21358,3.65,2.24E-06,3.45,4.20E-05
1.80314,0.19287,3.66,2.07E-06,3.46,3.87E-05
1.79913,0.22038,3.67,1.88E-06,3.47,3.57E-05
1.79514,0.20491,3.68,1.71E-06,3.48,3.28E-05
1.79115,0.22991,3.69,1.56E-06,3.49,3.02E-05
1.78718,0.23256,3.7,1.42E-06,3.5,2.78E-05
1.78321,0.21647,3.71,1.29E-06,3.51,2.56E-05
1.77925,0.22394,3.72,1.16E-06,3.52,2.35E-05
1.7753,0.24113,3.73,1.06E-06,3.53,2.16E-05
1.77136,0.23519,3.74,9.71E-07,3.54,1.98E-05
1.76743,0.24329,3.75,8.90E-07,3.55,1.82E-05
1.76351,0.26767,3.76,8.00E-07,3.56,1.67E-05
1.75959,0.23895,3.77,7.35E-07,3.57,1.54E-05
1.75569,0.25907,3.78,6.74E-07,3.58,1.41E-05
1.75179,0.24438,3.79,6.04E-07,3.59,1.29E-05
1.7479,0.25257,3.8,5.50E-07,3.6,1.19E-05
1.74402,0.24875,3.81,4.95E-07,3.61,1.09E-05
1.74015,0.26358,3.82,4.52E-07,3.62,9.96E-06
1.73629,0.25646,3.83,4.09E-07,3.63,9.12E-06
1.73243,0.26476,3.84,3.72E-07,3.64,8.35E-06
1.72859,0.26811,3.85,3.37E-07,3.65,7.65E-06
1.72475,0.26759,3.86,3.04E-07,3.66,7.00E-06
1.72092,0.26819,3.87,2.78E-07,3.67,6.40E-06
1.7171,0.2749,3.88,2.49E-07,3.68,5.85E-06
1.71329,0.27607,3.89,2.25E-07,3.69,5.35E-06
1.70949,0.32195,3.9,2.05E-07,3.7,4.89E-06
1.70569,0.28905,3.91,1.85E-07,3.71,4.47E-06
1.70191,0.29867,3.92,1.69E-07,3.72,4.08E-06
1.69813,0.29708,3.93,1.50E-07,3.73,3.72E-06
1.69436,0.27518,3.94,1.37E-07,3.74,3.40E-06
1.6906,0.29048,3.95,1.24E-07,3.75,3.10E-06
1.68685,0.31208,3.96,1.12E-07,3.76,2.83E-06
1.6831,0.28268,3.97,1.01E-07,3.77,2.58E-06
1.67936,0.27989,3.98,9.10E-08,3.78,2.35E-06
1.67564,0.29704,3.99,8.23E-08,3.79,2.14E-06
1.67191,0.3034,4,7.45E-08,3.8,1.95E-06
1.6682,0.30865,4.01,6.67E-08,3.81,1.77E-06
1.6645,0.31793,4.02,6.00E-08,3.82,1.61E-06
1.6608,0.31633,4.03,5.43E-08,3.83,1.47E-06
1.65711,0.32221,4.04,4.86E-08,3.84,1.34E-06
1.65343,0.29519,4.05,4.42E-08,3.85,1.21E-06
1.64976,0.33809,4.06,3.98E-08,3.86,1.10E-06
1.6461,0.33883,4.07,3.57E-08,3.87,1.00E-06
1.64244,0.32038,4.08,3.19E-08,3.88,9.11E-07
1.6388,0.3543,4.09,2.86E-08,3.89,8.28E-07
1.63516,0.32528,4.1,2.60E-08,3.9,7.51E-07
1.63152,0.34589,4.11,2.32E-08,3.91,6.82E-07
1.6279,0.32436,4.12,2.10E-08,3.92,6.18E-07
1.62428,0.38796,4.13,1.88E-08,3.93,5.61E-07
1.62067,0.37937,4.14,1.68E-08,3.94,5.08E-07
1.61707,0.35068,4.15,1.49E-08,3.95,4.60E-07
1.61348,0.37274,4.16,1.36E-08,3.96,4.17E-07
1.6099,0.36584,4.17,1.21E-08,3.97,3.78E-07
1.60632,0.34465,4.18,1.08E-08,3.98,3.42E-07
1.60275,0.37815,4.19,9.82E-09,3.99,3.09E-07
1.59919,0.3724,4.2,8.70E-09,4,2.80E-07
1.59563,0.37021,4.21,7.87E-09,4.01,2.53E-07
1.59209,0.3818,4.22,7.02E-09,4.02,2.29E-07
1.58855,0.38863,4.23,6.27E-09,4.03,2.07E-07
1.58502,0.37502,4.24,5.62E-09,4.04,1.87E-07
1.58149,0.36316,4.25,5.02E-09,4.05,1.69E-07
1.57798,0.38692,4.26,4.52E-09,4.06,1.52E-07
1.57447,0.41744,4.27,4.06E-09,4.07,1.37E-07
1.57097,0.39526,4.28,3.59E-09,4.08,1.24E-07
1.56747,0.39429,4.29,3.23E-09,4.09,1.12E-07
1.56399,0.3994,4.3,2.85E-09,4.1,1.01E-07
1.56051,0.41982,4.31,2.55E-09,4.11,9.09E-08
1.55704,0.42562,4.32,2.29E-09,4.12,8.19E-08
1.55357,0.43635,4.33,2.06E-09,4.13,7.38E-08
1.55012,0.41514,4.34,1.82E-09,4.14,6.64E-08
1.54667,0.4,4.35,1.62E-09,4.15,5.98E-08
1.54323,0.41692,4.36,1.44E-09,4.16,5.38E-08
1.53979,0.44319,4.37,1.29E-09,4.17,4.84E-08
1.53637,0.42677,4.38,1.15E-09,4.18,4.35E-08
1.53295,0.42954,4.39,1.02E-09,4.19,3.91E-08
1.52954,0.44728,4.4,9.15E-10,4.2,3.51E-08
1.52613,0.45322,4.41,8.11E-10,4.21,3.16E-08
1.52273,0.4179,4.42,7.23E-10,4.22,2.83E-08
1.51934,0.44951,4.43,6.40E-10,4.23,2.54E-08
1.51596,0.4555,4.44,5.68E-10,4.24,2.28E-08
1.51258,0.45458,4.45,5.12E-10,4.25,2.05E-08
1.50921,0.45491,4.46,4.50E-10,4.26,1.84E-08
1.50585,0.44766,4.47,4.01E-10,4.27,1.65E-08
1.5025,0.48219,4.48,3.57E-10,4.28,1.47E-08
1.49915,0.45463,4.49,3.13E-10,4.29,1.32E-08
1.49581,0.4855,4.5,2.79E-10,4.3,1.18E-08
1.49248,0.47569,4.51,2.48E-10,4.31,1.06E-08
1.48915,0.49459,4.52,2.19E-10,4.32,9.48E-09
1.48583,0.48603,4.53,1.97E-10,4.33,8.48E-09
1.48252,0.45689,4.54,1.74E-10,4.34,7.58E-09
1.47921,0.50094,4.55,1.54E-10,4.35,6.78E-09
1.47591,0.49749,4.56,1.35E-10,4.36,6.06E-09
1.47262,0.45462,4.57,1.20E-10,4.37,5.41E-09
1.46934,0.4737,4.58,1.07E-10,4.38,4.83E-09
1.46606,0.48832,4.59,9.41E-11,4.39,4.32E-09
1.46279,0.49974,4.6,8.28E-11,4.4,3.85E-09
1.45952,0.51251,4.61,7.46E-11,4.41,3.44E-09
1.45627,0.4901,4.62,6.56E-11,4.42,3.07E-09
1.45302,0.50093,4.63,5.72E-11,4.43,2.73E-09
1.44977,0.50592,4.64,5.08E-11,4.44,2.44E-09
1.44654,0.55951,4.65,4.52E-11,4.45,2.17E-09
1.44331,0.55213,4.66,3.93E-11,4.46,1.93E-09
1.44008,0.49789,4.67,3.47E-11,4.47,1.72E-09
1.43687,0.51347,4.68,3.07E-11,4.48,1.53E-09
1.43366,0.54037,4.69,2.71E-11,4.49,1.36E-09
1.43045,0.50102,4.7,2.40E-11,4.5,1.21E-09
1.42726,0.55393,4.71,2.10E-11,4.51,1.08E-09
1.42407,0.5331,4.72,1.85E-11,4.52,9.59E-10
1.42088,0.52486,4.73,1.64E-11,4.53,8.52E-10
1.41771,0.55472,4.74,1.44E-11,4.54,7.57E-10
1.41454,0.54381,4.75,1.26E-11,4.55,6.72E-10
1.41137,0.56913,4.76,1.12E-11,4.56,5.97E-10
1.40822,0.55213,4.77,9.81E-12,4.57,5.29E-10
1.40507,0.56138,4.78,8.72E-12,4.58,4.70E-10
1.40192,0.56863,4.79,7.61E-12,4.59,4.16E-10
1.39879,0.54474,4.8,6.67E-12,4.6,3.69E-10
1.39565,0.59814,4.81,5.84E-12,4.61,3.27E-10
1.39253,0.5504,4.82,5.18E-12,4.62,2.90E-10
1.38941,0.59653,4.83,4.55E-12,4.63,2.57E-10
1.3863,0.58,4.84,3.94E-12,4.64,2.27E-10
1.3832,0.5634,4.85,3.45E-12,4.65,2.01E-10
1.3801,0.58377,4.86,3.02E-12,4.66,1.78E-10
1.37701,0.60148,4.87,2.63E-12,4.67,1.57E-10
1.37392,0.59583,4.88,2.31E-12,4.68,1.39E-10
1.37084,0.57359,4.89,2.02E-12,4.69,1.23E-10
1.36777,0.59068,4.9,1.75E-12,4.7,1.09E-10
1.3647,0.60645,4.91,1.52E-12,4.71,9.60E-11
1.36164,0.5945,4.92,1.34E-12,4.72,8.47E-11
1.35858,0.59433,4.93,1.15E-12,4.73,7.48E-11
1.35554,0.57602,4.94,9.83E-13,4.74,6.60E-11
1.3525,0.61913,4.95,8.30E-13,4.75,5.82E-11
1.34946,0.6176,4.96,7.02E-13,4.76,5.13E-11
1.34643,0.57115,4.97,5.97E-13,4.77,4.52E-11
1.34341,0.60326,4.98,5.20E-13,4.78,3.99E-11
1.34039,0.59463,4.99,4.39E-13,4.79,3.51E-11
1.33738,0.60573,5,3.82E-13,4.8,3.09E-11
1.33437,0.64376,,,4.81,2.72E-11
1.33138,0.6394,,,4.82,2.39E-11
1.32838,0.63431,,,4.83,2.11E-11
1.3254,0.60785,,,4.84,1.85E-11
1.32242,0.64617,,,4.85,1.63E-11
1.31944,0.64249,,,4.86,1.43E-11
1.31647,0.63234,,,4.87,1.26E-11
1.31351,0.66089,,,4.88,1.10E-11
1.31056,0.60183,,,4.89,9.69E-12
1.30761,0.65565,,,4.9,8.50E-12
1.30466,0.63388,,,4.91,7.46E-12
1.30172,0.64964,,,4.92,6.54E-12
1.29879,0.65168,,,4.93,5.74E-12
1.29587,0.68205,,,4.94,5.03E-12
1.29295,0.64923,,,4.95,4.40E-12
1.29003,0.67096,,,4.96,3.86E-12
1.28712,0.66355,,,4.97,3.38E-12
1.28422,0.67514,,,4.98,2.96E-12
1.28132,0.68311,,,4.99,2.59E-12
1.27843,0.67052,,,5,2.26E-12
1.27555,0.68513,,,,
1.27267,0.66289,,,,
1.26979,0.65978,,,,
1.26693,0.67371,,,,
1.26406,0.72928,,,,
1.26121,0.69651,,,,
1.25836,0.70164,,,,
1.25551,0.74638,,,,
1.25267,0.71943,,,,
1.24984,0.68262,,,,
1.24701,0.68699,,,,
1.24419,0.70192,,,,
1.24137,0.70333,,,,
1.23856,0.69642,,,,
1.23576,0.70538,,,,
1.23296,0.72425,,,,
1.23016,0.73711,,,,
1.22737,0.67684,,,,
1.22459,0.7347,,,,
1.22181,0.69255,,,,
1.21904,0.76677,,,,
1.21627,0.75369,,,,
1.21351,0.73133,,,,
1.21076,0.73278,,,,
1.20801,0.77829,,,,
1.20526,0.78448,,,,
1.20252,0.71697,,,,
1.19979,0.76582,,,,
1.19706,0.74708,,,,
1.19434,0.79851,,,,
1.19162,0.73674,,,,
1.18891,0.74133,,,,
1.1862,0.72395,,,,
1.1835,0.75921,,,,
1.1808,0.76544,,,,
1.17811,0.78037,,,,
1.17543,0.75342,,,,
1.17275,0.73428,,,,
1.17007,0.80167,,,,
1.1674,0.7515,,,,
1.16474,0.78807,,,,
1.16208,0.76964,,,,
1.15942,0.72951,,,,
1.15677,0.74458,,,,
1.15413,0.81598,,,,
1.15149,0.73139,,,,
1.14886,0.78366,,,,
1.14623,0.77145,,,,
1.14361,0.76161,,,,
1.14099,0.78989,,,,
1.13837,0.78573,,,,
1.13577,0.7946,,,,
1.13316,0.77655,,,,
1.13057,0.80997,,,,
1.12797,0.82712,,,,
1.12538,0.81312,,,,
1.1228,0.85585,,,,
1.12022,0.87895,,,,
1.11765,0.82944,,,,
1.11508,0.75076,,,,
1.11252,0.77377,,,,
1.10996,0.76946,,,,
1.10741,0.86336,,,,
1.10486,0.83083,,,,
1.10232,0.77811,,,,
1.09978,0.84744,,,,
1.09725,0.82475,,,,
1.09472,0.78767,,,,
1.0922,0.80266,,,,
1.08968,0.84725,,,,
1.08716,0.86917,,,,
1.08465,0.80646,,,,
1.08215,0.82753,,,,
1.07965,0.89205,,,,
1.07716,0.79408,,,,
1.07467,0.87841,,,,
1.07218,0.80996,,,,
1.0697,0.83208,,,,
1.06722,0.8208,,,,
1.06475,0.85248,,,,
1.06229,0.84807,,,,
1.05983,0.85315,,,,
1.05737,0.89112,,,,
1.05492,0.86161,,,,
1.05247,0.8181,,,,
1.05003,0.85272,,,,
1.04759,0.83343,,,,
1.04516,0.8551,,,,
1.04273,0.83398,,,,
1.0403,0.82241,,,,
1.03788,0.80553,,,,
1.03547,0.89595,,,,
1.03306,0.8906,,,,
1.03065,0.84988,,,,
1.02825,0.87982,,,,
1.02586,0.88592,,,,
1.02346,0.90892,,,,
1.02108,0.84388,,,,
1.01869,0.86866,,,,
1.01631,0.8989,,,,
1.01394,0.85942,,,,
1.01157,0.89243,,,,
1.0092,0.86087,,,,
1.00684,0.86789,,,,
1.00449,0.902,,,,
1.00214,0.88924,,,,
0.99979,0.9045,,,,
0.99745,0.90438,,,,
0.99511,0.89699,,,,
0.99277,0.82129,,,,
0.99044,0.93777,,,,
0.98812,0.87647,,,,
0.9858,0.84789,,,,
0.98348,0.85407,,,,
0.98117,0.87681,,,,
0.97886,0.8499,,,,
0.97655,0.84596,,,,
0.97425,0.87989,,,,
0.97196,0.90931,,,,
0.96967,0.90173,,,,
0.96738,0.91829,,,,
0.9651,0.92931,,,,
0.96282,0.92545,,,,
0.96055,0.88791,,,,
0.95828,0.92515,,,,
0.95601,0.92312,,,,
0.95375,0.93705,,,,
0.95149,0.9096,,,,
0.94924,0.91601,,,,
0.94699,0.90164,,,,
0.94475,0.93551,,,,
0.94251,0.8936,,,,
0.94027,0.93232,,,,
0.93804,0.93405,,,,
0.93581,0.9291,,,,
0.93359,0.91266,,,,
0.93137,0.90381,,,,
0.92915,0.9285,,,,
0.92694,0.95328,,,,
0.92473,0.84336,,,,
0.92253,0.94233,,,,
0.92033,0.91121,,,,
0.91813,0.89934,,,,
0.91594,0.90293,,,,
0.91375,0.91042,,,,
0.91157,0.9082,,,,
0.90939,0.88354,,,,
0.90722,0.90567,,,,
0.90504,0.92691,,,,
0.90288,0.93744,,,,
0.90071,0.87825,,,,
0.89855,0.96252,,,,
0.8964,0.91499,,,,
0.89425,0.92357,,,,
0.8921,0.9599,,,,
0.88995,0.86251,,,,
0.88782,0.96241,,,,
0.88568,0.91243,,,,
0.88355,0.93104,,,,
0.88142,0.8828,,,,
0.87929,0.94043,,,,
0.87717,0.88301,,,,
0.87506,0.93683,,,,
0.87294,0.89628,,,,
0.87084,0.9221,,,,
0.86873,0.92175,,,,
0.86663,0.90724,,,,
0.86453,0.89166,,,,
0.86244,0.93388,,,,
0.86035,0.94167,,,,
0.85826,0.92809,,,,
0.85618,0.94508,,,,
0.8541,0.93452,,,,
0.85203,0.87475,,,,
0.84995,0.94611,,,,
0.84789,0.8995,,,,
0.84582,0.91142,,,,
0.84376,0.95639,,,,
0.84171,0.96328,,,,
0.83965,0.91842,,,,
0.83761,0.91904,,,,
0.83556,0.91238,,,,
0.83352,0.95461,,,,
0.83148,0.91044,,,,
0.82945,0.90372,,,,
0.82742,0.95034,,,,
0.82539,0.91745,,,,
0.82337,0.87497,,,,
0.82135,0.92915,,,,
0.81933,0.92765,,,,
0.81732,0.9536,,,,
0.81531,0.94896,,,,
0.8133,0.95595,,,,
0.8113,0.89395,,,,
0.8093,0.92852,,,,
0.80731,0.93977,,,,
0.80532,0.95318,,,,
0.80333,0.97947,,,,
0.80135,0.87731,,,,
0.79937,0.95613,,,,
0.79739,0.90301,,,,
0.79541,0.96492,,,,
0.79344,0.93535,,,,
0.79148,0.93809,,,,
0.78952,0.95382,,,,
0.78756,0.92189,,,,
0.7856,0.942,,,,
0.78365,0.89142,,,,
0.7817,0.97259,,,,
0.77975,0.9339,,,,
0.77781,0.96618,,,,
0.77587,0.92076,,,,
0.77394,0.94654,,,,
0.772,0.92841,,,,
0.77007,0.94988,,,,
0.76815,0.95597,,,,
0.76623,0.96318,,,,
0.76431,0.89619,,,,
0.76239,0.93439,,,,
0.76048,0.90268,,,,
0.75857,0.95104,,,,
0.75667,0.9661,,,,
0.75477,0.94433,,,,
0.75287,0.99188,,,,
0.75097,0.94988,,,,
0.74908,0.97851,,,,
0.74719,0.95209,,,,
0.74531,0.88047,,,,
0.74343,0.91928,,,,
0.74155,0.88469,,,,
0.73967,0.9123,,,,
0.7378,0.94908,,,,
0.73593,0.87682,,,,
0.73407,0.93531,,,,
0.7322,0.89928,,,,
0.73035,0.90999,,,,
0.72849,0.90585,,,,
0.72664,0.91545,,,,
0.72479,0.87797,,,,
0.72294,0.97389,,,,
0.7211,0.90293,,,,
0.71926,0.93107,,,,
0.71742,0.91417,,,,
0.71559,0.92503,,,,
0.71376,0.9185,,,,
0.71193,0.91079,,,,
0.71011,0.90887,,,,
0.70829,0.95479,,,,
0.70647,0.89213,,,,
0.70465,0.87611,,,,
0.70284,0.86471,,,,
0.70104,0.92732,,,,
0.69923,0.91361,,,,
0.69743,0.82909,,,,
0.69563,0.88369,,,,
0.69383,1,,,,
0.69204,0.90688,,,,
0.69025,0.88113,,,,
0.68846,0.88264,,,,
0.68668,0.93659,,,,
0.6849,0.9,,,,
0.68312,0.8573,,,,
0.68135,0.89111,,,,
0.67958,0.90584,,,,
0.67781,0.91821,,,,
0.67604,0.89209,,,,
0.67428,0.84176,,,,
0.67252,0.89756,,,,
0.67077,0.9124,,,,
0.66901,0.84123,,,,
0.66726,0.89245,,,,
0.66551,0.87694,,,,
0.66377,0.87478,,,,
0.66203,0.82746,,,,
0.66029,0.84354,,,,
0.65856,0.84497,,,,
0.65682,0.95436,,,,
0.65509,0.90806,,,,
0.65337,0.87267,,,,
0.65164,0.85073,,,,
0.64992,0.89417,,,,
0.6482,0.87094,,,,
0.64649,0.83648,,,,
0.64478,0.88382,,,,
0.64307,0.87786,,,,
0.64136,0.92917,,,,
0.63966,0.88458,,,,
0.63796,0.87607,,,,
0.63626,0.80495,,,,
0.63457,0.84894,,,,
0.63287,0.87424,,,,
0.63118,0.8581,,,,
0.6295,0.7751,,,,
0.62782,0.90265,,,,
0.62613,0.89785,,,,
0.62446,0.88669,,,,
0.62278,0.82982,,,,
0.62111,0.91383,,,,
0.61944,0.80969,,,,
0.61777,0.8085,,,,
0.61611,0.87628,,,,
0.61445,0.85984,,,,
0.61279,0.84462,,,,
0.61114,0.91023,,,,
0.60948,0.78058,,,,
0.60783,0.81924,,,,
0.60619,0.82319,,,,
0.60454,0.81552,,,,
0.6029,0.82336,,,,
0.60126,0.82473,,,,
0.59963,0.79104,,,,
0.59799,0.89775,,,,
0.59636,0.83017,,,,
0.59473,0.83678,,,,
0.59311,0.83032,,,,
0.59149,0.85266,,,,
0.58987,0.757,,,,
0.58825,0.80688,,,,
0.58663,0.78189,,,,
0.58502,0.78055,,,,
0.58341,0.84392,,,,
0.58181,0.76727,,,,
0.5802,0.83082,,,,
0.5786,0.85476,,,,
0.577,0.87745,,,,
0.57541,0.84028,,,,
0.57381,0.79365,,,,
0.57222,0.82302,,,,
0.57064,0.78825,,,,
0.56905,0.81502,,,,
0.56747,0.78817,,,,
0.56589,0.80023,,,,
0.56431,0.79347,,,,
0.56274,0.83256,,,,
0.56116,0.83798,,,,
0.55959,0.78115,,,,
0.55803,0.76345,,,,
0.55646,0.80681,,,,
0.5549,0.76868,,,,
0.55334,0.78357,,,,
0.55178,0.77394,,,,
0.55023,0.79708,,,,
0.54868,0.81072,,,,
0.54713,0.79284,,,,
0.54558,0.78177,,,,
0.54404,0.75278,,,,
0.54249,0.75125,,,,
0.54096,0.77043,,,,
0.53942,0.76754,,,,
0.53788,0.65798,,,,
0.53635,0.72427,,,,
0.53482,0.80605,,,,
0.5333,0.74612,,,,
0.53177,0.72782,,,,
0.53025,0.75414,,,,
0.52873,0.7134,,,,
0.52721,0.77061,,,,
0.5257,0.79432,,,,
0.52419,0.75203,,,,
0.52268,0.76734,,,,
0.52117,0.83486,,,,
0.51967,0.78113,,,,
0.51817,0.7159,,,,
0.51667,0.79217,,,,
0.51517,0.79629,,,,
0.51367,0.79616,,,,
0.51218,0.72055,,,,
0.51069,0.74739,,,,
0.5092,0.77432,,,,
0.50772,0.73694,,,,
0.50624,0.71376,,,,
0.50476,0.7063,,,,
0.50328,0.7362,,,,
0.5018,0.73451,,,,
0.50033,0.72848,,,,
0.49886,0.74555,,,,
0.49739,0.69031,,,,
0.49592,0.70882,,,,
0.49446,0.71431,,,,
0.493,0.70528,,,,
0.49154,0.70933,,,,
0.49008,0.75424,,,,
0.48863,0.66924,,,,
0.48718,0.69519,,,,
0.48573,0.70804,,,,
0.48428,0.69302,,,,
0.48283,0.69413,,,,
0.48139,0.66726,,,,
0.47995,0.75832,,,,
0.47851,0.72112,,,,
0.47708,0.72967,,,,
0.47564,0.72046,,,,
0.47421,0.76022,,,,
0.47278,0.77482,,,,
0.47135,0.69562,,,,
0.46993,0.64153,,,,
0.46851,0.64405,,,,
0.46709,0.68848,,,,
0.46567,0.6611,,,,
0.46425,0.7087,,,,
0.46284,0.65719,,,,
0.46143,0.71096,,,,
0.46002,0.68343,,,,
0.45862,0.71171,,,,
0.45721,0.67198,,,,
0.45581,0.6488,,,,
0.45441,0.72726,,,,
0.45301,0.62501,,,,
0.45162,0.71434,,,,
0.45022,0.6453,,,,
0.44883,0.67536,,,,
0.44744,0.68714,,,,
0.44606,0.66677,,,,
0.44467,0.61103,,,,
0.44329,0.62122,,,,
0.44191,0.67149,,,,
0.44053,0.67255,,,,
0.43916,0.62881,,,,
0.43778,0.67623,,,,
0.43641,0.68505,,,,
0.43504,0.66595,,,,
0.43367,0.65768,,,,
0.43231,0.60266,,,,
0.43095,0.60673,,,,
0.42959,0.67955,,,,
0.42823,0.71504,,,,
0.42687,0.54222,,,,
0.42552,0.69376,,,,
0.42416,0.69328,,,,
0.42281,0.66446,,,,
0.42147,0.63239,,,,
0.42012,0.61443,,,,
0.41878,0.62015,,,,
0.41743,0.58151,,,,
0.41609,0.56338,,,,
0.41476,0.64534,,,,
0.41342,0.61133,,,,
0.41209,0.55648,,,,
0.41076,0.63402,,,,
0.40943,0.62542,,,,
0.4081,0.63281,,,,
0.40678,0.59851,,,,
0.40545,0.64766,,,,
0.40413,0.63902,,,,
0.40281,0.61746,,,,
0.4015,0.65072,,,,
0.40018,0.64528,,,,
0.39887,0.61876,,,,
0.39756,0.61811,,,,
0.39625,0.60608,,,,
0.39494,0.61192,,,,
0.39364,0.62266,,,,
0.39233,0.63996,,,,
0.39103,0.58701,,,,
0.38973,0.59776,,,,
0.38844,0.63151,,,,
0.38714,0.56021,,,,
0.38585,0.55616,,,,
0.38456,0.56033,,,,
0.38327,0.58597,,,,
0.38198,0.61996,,,,
0.3807,0.55967,,,,
0.37942,0.61694,,,,
0.37814,0.62788,,,,
0.37686,0.58062,,,,
0.37558,0.59986,,,,
0.37431,0.62584,,,,
0.37303,0.55161,,,,
0.37176,0.55081,,,,
0.37049,0.55335,,,,
0.36923,0.58782,,,,
0.36796,0.52819,,,,
0.3667,0.55093,,,,
0.36544,0.57205,,,,
0.36418,0.55605,,,,
0.36292,0.52307,,,,
0.36166,0.56968,,,,
0.36041,0.5519,,,,
0.35916,0.53067,,,,
0.35791,0.54173,,,,
0.35666,0.56989,,,,
0.35541,0.55713,,,,
0.35417,0.57684,,,,
0.35293,0.54347,,,,
0.35169,0.54605,,,,
0.35045,0.51597,,,,
0.34921,0.53918,,,,
0.34798,0.5642,,,,
0.34674,0.58238,,,,
0.34551,0.58332,,,,
0.34428,0.56518,,,,
0.34306,0.5192,,,,
0.34183,0.54787,,,,
0.34061,0.51391,,,,
0.33939,0.56359,,,,
0.33817,0.59771,,,,
0.33695,0.50414,,,,
0.33573,0.56633,,,,
0.33452,0.45309,,,,
0.33331,0.51539,,,,
0.33209,0.49333,,,,
0.33089,0.4553,,,,
0.32968,0.52852,,,,
0.32847,0.51345,,,,
0.32727,0.49478,,,,
0.32607,0.4654,,,,
0.32487,0.53555,,,,
0.32367,0.48653,,,,
0.32247,0.52304,,,,
0.32128,0.50423,,,,
0.32009,0.48179,,,,
0.3189,0.48438,,,,
0.31771,0.48878,,,,
0.31652,0.5238,,,,
0.31534,0.45796,,,,
0.31415,0.47318,,,,
0.31297,0.43779,,,,
0.31179,0.49652,,,,
0.31061,0.50825,,,,
0.30943,0.45093,,,,
0.30826,0.4772,,,,
0.30709,0.48713,,,,
0.30592,0.45873,,,,
0.30475,0.47782,,,,
0.30358,0.48415,,,,
0.30241,0.46478,,,,
0.30125,0.45086,,,,
0.30008,0.48852,,,,
0.29892,0.43951,,,,
0.29776,0.44769,,,,
0.29661,0.44477,,,,
0.29545,0.45113,,,,
0.2943,0.52632,,,,
0.29314,0.44901,,,,
0.29199,0.44795,,,,
0.29085,0.45998,,,,
0.2897,0.40836,,,,
0.28855,0.44851,,,,
0.28741,0.46249,,,,
0.28627,0.45769,,,,
0.28513,0.44156,,,,
0.28399,0.42347,,,,
0.28285,0.42995,,,,
0.28171,0.4706,,,,
0.28058,0.42206,,,,
0.27945,0.46477,,,,
0.27832,0.39886,,,,
0.27719,0.3958,,,,
0.27606,0.46554,,,,
0.27494,0.45493,,,,
0.27381,0.3712,,,,
0.27269,0.43359,,,,
0.27157,0.3997,,,,
0.27045,0.39663,,,,
0.26933,0.36641,,,,
0.26822,0.44097,,,,
0.26711,0.41073,,,,
0.26599,0.39402,,,,
0.26488,0.3792,,,,
0.26377,0.42896,,,,
0.26267,0.47894,,,,
0.26156,0.41898,,,,
0.26046,0.42185,,,,
0.25935,0.43264,,,,
0.25825,0.4514,,,,
0.25715,0.40676,,,,
0.25606,0.42556,,,,
0.25496,0.35476,,,,
0.25386,0.35756,,,,
0.25277,0.3804,,,,
0.25168,0.40134,,,,
0.25059,0.41233,,,,
0.2495,0.40927,,,,
0.24842,0.40822,,,,
0.24733,0.34235,,,,
0.24625,0.38583,,,,
0.24517,0.36235,,,,
0.24409,0.42039,,,,
0.24301,0.37439,,,,
0.24193,0.36303,,,,
0.24085,0.38864,,,,
0.23978,0.38552,,,,
0.23871,0.40307,,,,
0.23764,0.34196,,,,
0.23657,0.41354,,,,
0.2355,0.35007,,,,
0.23443,0.34895,,,,
0.23337,0.36249,,,,
0.2323,0.35301,,,,
0.23124,0.38564,,,,
0.23018,0.39521,,,,
0.22912,0.37306,,,,
0.22807,0.38268,,,,
0.22701,0.35825,,,,
0.22596,0.33368,,,,
0.2249,0.33258,,,,
0.22385,0.36376,,,,
0.2228,0.30015,,,,
0.22176,0.40295,,,,
0.22071,0.35429,,,,
0.21966,0.36638,,,,
0.21862,0.337,,,,
0.21758,0.36232,,,,
0.21654,0.36139,,,,
0.2155,0.35826,,,,
0.21446,0.31518,,,,
0.21343,0.38317,,,,
0.21239,0.30635,,,,
0.21136,0.35466,,,,
0.21033,0.39435,,,,
0.2093,0.3303,,,,
0.20827,0.34981,,,,
0.20724,0.36721,,,,
0.20621,0.30919,,,,
0.20519,0.31971,,,,
0.20417,0.30954,,,,
0.20315,0.35499,,,,
0.20213,0.32396,,,,
0.20111,0.36993,,,,
0.20009,0.38107,,,,